typeCode,freqCode,refPeriodId,refYear,refMonth,period,reporterCode,reporterISO,reporterDesc,flowCode,flowDesc,partnerCode,partnerISO,partnerDesc,partner2Code,partner2ISO,partner2Desc,classificationCode,classificationSearchCode,isOriginalClassification,cmdCode,cmdDesc,aggrLevel,isLeaf,customsCode,customsDesc,mosCode,motCode,motDesc,qtyUnitCode,qtyUnitAbbr,qty,isQtyEstimated,altQtyUnitCode,altQtyUnitAbbr,altQty,isAltQtyEstimated,netWgt,isNetWgtEstimated,grossWgt,isGrossWgtEstimated,cifvalue,fobvalue,primaryValue,legacyEstimationFlag,isReported,isAggregate
"C","A","20240101","2024","52","2024","203","CZE","Czechia","M","Import","0","W00","World","0","W00","World","H6","HS","true","TOTAL","All Commodities","0","false","C00","TOTAL CPC","0","0","TOTAL MOT","-1","N/A","0","false","-1","N/A","0","false",,"false","0","false","229396961967","222515280257","229396961967","0","false","true",
"C","A","20240101","2024","52","2024","203","CZE","Czechia","M","Import","4","AFG","Afghanistan","0","W00","World","H6","HS","true","TOTAL","All Commodities","0","false","C00","TOTAL CPC","0","0","TOTAL MOT","-1","N/A","0","false","-1","N/A","0","false",,"false","0","false","837498","771205","837498","0","false","true",
"C","A","20240101","2024","52","2024","203","CZE","Czechia","M","Import","8","ALB","Albania","0","W00","World","H6","HS","true","TOTAL","All Commodities","0","false","C00","TOTAL CPC","0","0","TOTAL MOT","-1","N/A","0","false","-1","N/A","0","false","0","true","0","false","66939933","65046026","66939933","4","false","true",
"C","A","20240101","2024","52","2024","203","CZE","Czechia","M","Import","10","ATA","Antarctica","0","W00","World","H6","HS","true","TOTAL","All Commodities","0","false","C00","TOTAL CPC","0","0","TOTAL MOT","-1","N/A","0","false","-1","N/A","0","false","0","true","0","false","152","141","152","4","false","true",
"C","A","20240101","2024","52","2024","203","CZE","Czechia","M","Import","12","DZA","Algeria","0","W00","World","H6","HS","true","TOTAL","All Commodities","0","false","C00","TOTAL CPC","0","0","TOTAL MOT","-1","N/A","0","false","-1","N/A","0","false","0","true","0","false","1791959","1672823","1791959","4","false","true",
"C","A","20240101","2024","52","2024","203","CZE","Czechia","M","Import","16","ASM","American Samoa","0","W00","World","H6","HS","true","TOTAL","All Commodities","0","false","C00","TOTAL CPC","0","0","TOTAL MOT","-1","N/A","0","false","-1","N/A","0","false","0","true","0","false","47897","44259","47897","4","false","true",
"C","A","20240101","2024","52","2024","203","CZE","Czechia","M","Import","20","AND","Andorra","0","W00","World","H6","HS","true","TOTAL","All Commodities","0","false","C00","TOTAL CPC","0","0","TOTAL MOT","-1","N/A","0","false","-1","N/A","0","false","0","true","0","false","1999967","1869148","1999967","4","false","true",
"C","A","20240101","2024","52","2024","203","CZE","Czechia","M","Import","24","AGO","Angola","0","W00","World","H6","HS","true","TOTAL","All Commodities","0","false","C00","TOTAL CPC","0","0","TOTAL MOT","-1","N/A","0","false","-1","N/A","0","false","0","true","0","false","67960","65600","67960","4","false","true",
"C","A","20240101","2024","52","2024","203","CZE","Czechia","M","Import","28","ATG","Antigua and Barbuda","0","W00","World","H6","HS","true","TOTAL","All Commodities","0","false","C00","TOTAL CPC","0","0","TOTAL MOT","-1","N/A","0","false","-1","N/A","0","false","0","true","0","false","67545","62566","67545","4","false","true",
"C","A","20240101","2024","52","2024","203","CZE","Czechia","M","Import","31","AZE","Azerbaijan","0","W00","World","H6","HS","true","TOTAL","All Commodities","0","false","C00","TOTAL CPC","0","0","TOTAL MOT","-1","N/A","0","false","-1","N/A","0","false","0","true","0","false","1706745166","1706656052","1706745166","4","false","true",
"C","A","20240101","2024","52","2024","203","CZE","Czechia","M","Import","32","ARG","Argentina","0","W00","World","H6","HS","true","TOTAL","All Commodities","0","false","C00","TOTAL CPC","0","0","TOTAL MOT","-1","N/A","0","false","-1","N/A","0","false","0","true","0","false","57414398","53743768","57414398","4","false","true",
"C","A","20240101","2024","52","2024","203","CZE","Czechia","M","Import","36","AUS","Australia","0","W00","World","H6","HS","true","TOTAL","All Commodities","0","false","C00","TOTAL CPC","0","0","TOTAL MOT","-1","N/A","0","false","-1","N/A","0","false","0","true","0","false","112614959","107336444","112614959","4","false","true",
"C","A","20240101","2024","52","2024","203","CZE","Czechia","M","Import","40","AUT","Austria","0","W00","World","H6","HS","true","TOTAL","All Commodities","0","false","C00","TOTAL CPC","0","0","TOTAL MOT","-1","N/A","0","false","-1","N/A","0","false",,"false","0","false","5738773719","5738773719","5738773719","0","false","true",
"C","A","20240101","2024","52","2024","203","CZE","Czechia","M","Import","44","BHS","Bahamas","0","W00","World","H6","HS","true","TOTAL","All Commodities","0","false","C00","TOTAL CPC","0","0","TOTAL MOT","-1","N/A","0","false","-1","N/A","0","false","0","true","0","false","112751","104600","112751","4","false","true",
"C","A","20240101","2024","52","2024","203","CZE","Czechia","M","Import","48","BHR","Bahrain","0","W00","World","H6","HS","true","TOTAL","All Commodities","0","false","C00","TOTAL CPC","0","0","TOTAL MOT","-1","N/A","0","false","-1","N/A","0","false","0","true","0","false","46004706","42481640","46004706","4","false","true",
"C","A","20240101","2024","52","2024","203","CZE","Czechia","M","Import","50","BGD","Bangladesh","0","W00","World","H6","HS","true","TOTAL","All Commodities","0","false","C00","TOTAL CPC","0","0","TOTAL MOT","-1","N/A","0","false","-1","N/A","0","false","0","true","0","false","1019807990","970240557","1019807990","4","false","true",
"C","A","20240101","2024","52","2024","203","CZE","Czechia","M","Import","51","ARM","Armenia","0","W00","World","H6","HS","true","TOTAL","All Commodities","0","false","C00","TOTAL CPC","0","0","TOTAL MOT","-1","N/A","0","false","-1","N/A","0","false","0","true","0","false","4396319","4222347","4396319","4","false","true",
"C","A","20240101","2024","52","2024","203","CZE","Czechia","M","Import","52","BRB","Barbados","0","W00","World","H6","HS","true","TOTAL","All Commodities","0","false","C00","TOTAL CPC","0","0","TOTAL MOT","-1","N/A","0","false","-1","N/A","0","false","0","true","0","false","4899733","4642369","4899733","4","false","true",
"C","A","20240101","2024","52","2024","203","CZE","Czechia","M","Import","56","BEL","Belgium","0","W00","World","H6","HS","true","TOTAL","All Commodities","0","false","C00","TOTAL CPC","0","0","TOTAL MOT","-1","N/A","0","false","-1","N/A","0","false",,"false","0","false","3520187942","3429716530","3520187942","0","false","true",
"C","A","20240101","2024","52","2024","203","CZE","Czechia","M","Import","60","BMU","Bermuda","0","W00","World","H6","HS","true","TOTAL","All Commodities","0","false","C00","TOTAL CPC","0","0","TOTAL MOT","-1","N/A","0","false","-1","N/A","0","false","0","true","0","false","57588","53570","57588","4","false","true",
"C","A","20240101","2024","52","2024","203","CZE","Czechia","M","Import","64","BTN","Bhutan","0","W00","World","H6","HS","true","TOTAL","All Commodities","0","false","C00","TOTAL CPC","0","0","TOTAL MOT","-1","N/A","0","false","-1","N/A","0","false","0","true","0","false","172710","163986","172710","4","false","true",
"C","A","20240101","2024","52","2024","203","CZE","Czechia","M","Import","68","BOL","Bolivia (Plurinational State of)","0","W00","World","H6","HS","true","TOTAL","All Commodities","0","false","C00","TOTAL CPC","0","0","TOTAL MOT","-1","N/A","0","false","-1","N/A","0","false","0","true","0","false","3706080","3706080","3706080","4","false","true",
"C","A","20240101","2024","52","2024","203","CZE","Czechia","M","Import","70","BIH","Bosnia Herzegovina","0","W00","World","H6","HS","true","TOTAL","All Commodities","0","false","C00","TOTAL CPC","0","0","TOTAL MOT","-1","N/A","0","false","-1","N/A","0","false","0","true","0","false","158823784","154487532","158823784","4","false","true",
"C","A","20240101","2024","52","2024","203","CZE","Czechia","M","Import","72","BWA","Botswana","0","W00","World","H6","HS","true","TOTAL","All Commodities","0","false","C00","TOTAL CPC","0","0","TOTAL MOT","-1","N/A","0","false","-1","N/A","0","false","0","false","0","false","1891799","1772869","1891799","0","false","true",
"C","A","20240101","2024","52","2024","203","CZE","Czechia","M","Import","74","BVT","Bouvet Island","0","W00","World","H6","HS","true","TOTAL","All Commodities","0","false","C00","TOTAL CPC","0","0","TOTAL MOT","-1","N/A","0","false","-1","N/A","0","false","0","true","0","false","512","470","512","4","false","true",
"C","A","20240101","2024","52","2024","203","CZE","Czechia","M","Import","76","BRA","Brazil","0","W00","World","H6","HS","true","TOTAL","All Commodities","0","false","C00","TOTAL CPC","0","0","TOTAL MOT","-1","N/A","0","false","-1","N/A","0","false","0","true","0","false","254266615","235780936","254266615","4","false","true",
"C","A","20240101","2024","52","2024","203","CZE","Czechia","M","Import","84","BLZ","Belize","0","W00","World","H6","HS","true","TOTAL","All Commodities","0","false","C00","TOTAL CPC","0","0","TOTAL MOT","-1","N/A","0","false","-1","N/A","0","false","0","true","0","false","2927313","2719429","2927313","4","false","true",
"C","A","20240101","2024","52","2024","203","CZE","Czechia","M","Import","86","IOT","Br. Indian Ocean Terr.","0","W00","World","H6","HS","true","TOTAL","All Commodities","0","false","C00","TOTAL CPC","0","0","TOTAL MOT","-1","N/A","0","false","-1","N/A","0","false","0","true","0","false","86907","80733","86907","4","false","true",
"C","A","20240101","2024","52","2024","203","CZE","Czechia","M","Import","90","SLB","Solomon Isds","0","W00","World","H6","HS","true","TOTAL","All Commodities","0","false","C00","TOTAL CPC","0","0","TOTAL MOT","-1","N/A","0","false","-1","N/A","0","false","0","true","0","false","46025","42299","46025","4","false","true",
"C","A","20240101","2024","52","2024","203","CZE","Czechia","M","Import","92","VGB","Br. Virgin Isds","0","W00","World","H6","HS","true","TOTAL","All Commodities","0","false","C00","TOTAL CPC","0","0","TOTAL MOT","-1","N/A","0","false","-1","N/A","0","false","0","true","0","false","987259","914487","987259","4","false","true",
"C","A","20240101","2024","52","2024","203","CZE","Czechia","M","Import","96","BRN","Brunei Darussalam","0","W00","World","H6","HS","true","TOTAL","All Commodities","0","false","C00","TOTAL CPC","0","0","TOTAL MOT","-1","N/A","0","false","-1","N/A","0","false","0","true","0","false","30179","28144","30179","4","false","true",
"C","A","20240101","2024","52","2024","203","CZE","Czechia","M","Import","100","BGR","Bulgaria","0","W00","World","H6","HS","true","TOTAL","All Commodities","0","false","C00","TOTAL CPC","0","0","TOTAL MOT","-1","N/A","0","false","-1","N/A","0","false","0","true","0","false","1321531425","1287728600","1321531425","4","false","true",
"C","A","20240101","2024","52","2024","203","CZE","Czechia","M","Import","104","MMR","Myanmar","0","W00","World","H6","HS","true","TOTAL","All Commodities","0","false","C00","TOTAL CPC","0","0","TOTAL MOT","-1","N/A","0","false","-1","N/A","0","false","0","true","0","false","139369275","131620425","139369275","4","false","true",
"C","A","20240101","2024","52","2024","203","CZE","Czechia","M","Import","108","BDI","Burundi","0","W00","World","H6","HS","true","TOTAL","All Commodities","0","false","C00","TOTAL CPC","0","0","TOTAL MOT","-1","N/A","0","false","-1","N/A","0","false","0","true","0","false","51523","47866","51523","4","false","true",
"C","A","20240101","2024","52","2024","203","CZE","Czechia","M","Import","112","BLR","Belarus","0","W00","World","H6","HS","true","TOTAL","All Commodities","0","false","C00","TOTAL CPC","0","0","TOTAL MOT","-1","N/A","0","false","-1","N/A","0","false","0","true","0","false","124603325","118333976","124603325","4","false","true",
"C","A","20240101","2024","52","2024","203","CZE","Czechia","M","Import","116","KHM","Cambodia","0","W00","World","H6","HS","true","TOTAL","All Commodities","0","false","C00","TOTAL CPC","0","0","TOTAL MOT","-1","N/A","0","false","-1","N/A","0","false","0","true","0","false","334813551","316456184","334813551","4","false","true",
"C","A","20240101","2024","52","2024","203","CZE","Czechia","M","Import","120","CMR","Cameroon","0","W00","World","H6","HS","true","TOTAL","All Commodities","0","false","C00","TOTAL CPC","0","0","TOTAL MOT","-1","N/A","0","false","-1","N/A","0","false","0","true","0","false","21992704","20847435","21992704","4","false","true",
"C","A","20240101","2024","52","2024","203","CZE","Czechia","M","Import","124","CAN","Canada","0","W00","World","H6","HS","true","TOTAL","All Commodities","0","false","C00","TOTAL CPC","0","0","TOTAL MOT","-1","N/A","0","false","-1","N/A","0","false","0","true","0","false","406747717","385483979","406747717","4","false","true",
"C","A","20240101","2024","52","2024","203","CZE","Czechia","M","Import","132","CPV","Cabo Verde","0","W00","World","H6","HS","true","TOTAL","All Commodities","0","false","C00","TOTAL CPC","0","0","TOTAL MOT","-1","N/A","0","false","-1","N/A","0","false","0","true","0","false","21834","20122","21834","4","false","true",
"C","A","20240101","2024","52","2024","203","CZE","Czechia","M","Import","136","CYM","Cayman Isds","0","W00","World","H6","HS","true","TOTAL","All Commodities","0","false","C00","TOTAL CPC","0","0","TOTAL MOT","-1","N/A","0","false","-1","N/A","0","false","0","true","0","false","133660","123692","133660","4","false","true",
"C","A","20240101","2024","52","2024","203","CZE","Czechia","M","Import","140","CAF","Central African Rep.","0","W00","World","H6","HS","true","TOTAL","All Commodities","0","false","C00","TOTAL CPC","0","0","TOTAL MOT","-1","N/A","0","false","-1","N/A","0","false","0","true","0","false","114718","106842","114718","4","false","true",
"C","A","20240101","2024","52","2024","203","CZE","Czechia","M","Import","144","LKA","Sri Lanka","0","W00","World","H6","HS","true","TOTAL","All Commodities","0","false","C00","TOTAL CPC","0","0","TOTAL MOT","-1","N/A","0","false","-1","N/A","0","false","0","true","0","false","112778110","105456779","112778110","4","false","true",
"C","A","20240101","2024","52","2024","203","CZE","Czechia","M","Import","148","TCD","Chad","0","W00","World","H6","HS","true","TOTAL","All Commodities","0","false","C00","TOTAL CPC","0","0","TOTAL MOT","-1","N/A","0","false","-1","N/A","0","false","0","true","0","false","152772","140739","152772","4","false","true",
"C","A","20240101","2024","52","2024","203","CZE","Czechia","M","Import","152","CHL","Chile","0","W00","World","H6","HS","true","TOTAL","All Commodities","0","false","C00","TOTAL CPC","0","0","TOTAL MOT","-1","N/A","0","false","-1","N/A","0","false","0","true","0","false","42291902","40216790","42291902","4","false","true",
"C","A","20240101","2024","52","2024","203","CZE","Czechia","M","Import","156","CHN","China","0","W00","World","H6","HS","true","TOTAL","All Commodities","0","false","C00","TOTAL CPC","0","0","TOTAL MOT","-1","N/A","0","false","-1","N/A","0","false","0","true","0","false","39210201223","37148686941","39210201223","4","false","true",
"C","A","20240101","2024","52","2024","203","CZE","Czechia","M","Import","162","CXR","Christmas Isds","0","W00","World","H6","HS","true","TOTAL","All Commodities","0","false","C00","TOTAL CPC","0","0","TOTAL MOT","-1","N/A","0","false","-1","N/A","0","false","0","true","0","false","135014","124828","135014","4","false","true",
"C","A","20240101","2024","52","2024","203","CZE","Czechia","M","Import","166","CCK","Cocos Isds","0","W00","World","H6","HS","true","TOTAL","All Commodities","0","false","C00","TOTAL CPC","0","0","TOTAL MOT","-1","N/A","0","false","-1","N/A","0","false","0","true","0","false","41975","38571","41975","4","false","true",
"C","A","20240101","2024","52","2024","203","CZE","Czechia","M","Import","170","COL","Colombia","0","W00","World","H6","HS","true","TOTAL","All Commodities","0","false","C00","TOTAL CPC","0","0","TOTAL MOT","-1","N/A","0","false","-1","N/A","0","false","0","true","0","false","57387915","53620313","57387915","4","false","true",
"C","A","20240101","2024","52","2024","203","CZE","Czechia","M","Import","174","COM","Comoros","0","W00","World","H6","HS","true","TOTAL","All Commodities","0","false","C00","TOTAL CPC","0","0","TOTAL MOT","-1","N/A","0","false","-1","N/A","0","false","0","true","0","false","202614","188323","202614","4","false","true",
"C","A","20240101","2024","52","2024","203","CZE","Czechia","M","Import","178","COG","Congo","0","W00","World","H6","HS","true","TOTAL","All Commodities","0","false","C00","TOTAL CPC","0","0","TOTAL MOT","-1","N/A","0","false","-1","N/A","0","false","0","true","0","false","49612","47584","49612","4","false","true",
"C","A","20240101","2024","52","2024","203","CZE","Czechia","M","Import","180","COD","Dem. Rep. of the Congo","0","W00","World","H6","HS","true","TOTAL","All Commodities","0","false","C00","TOTAL CPC","0","0","TOTAL MOT","-1","N/A","0","false","-1","N/A","0","false","0","true","0","false","635294","603361","635294","4","false","true",
"C","A","20240101","2024","52","2024","203","CZE","Czechia","M","Import","184","COK","Cook Isds","0","W00","World","H6","HS","true","TOTAL","All Commodities","0","false","C00","TOTAL CPC","0","0","TOTAL MOT","-1","N/A","0","false","-1","N/A","0","false","0","true","0","false","68230","62705","68230","4","false","true",
"C","A","20240101","2024","52","2024","203","CZE","Czechia","M","Import","188","CRI","Costa Rica","0","W00","World","H6","HS","true","TOTAL","All Commodities","0","false","C00","TOTAL CPC","0","0","TOTAL MOT","-1","N/A","0","false","-1","N/A","0","false","0","true","0","false","443820387","434901192","443820387","4","false","true",
"C","A","20240101","2024","52","2024","203","CZE","Czechia","M","Import","191","HRV","Croatia","0","W00","World","H6","HS","true","TOTAL","All Commodities","0","false","C00","TOTAL CPC","0","0","TOTAL MOT","-1","N/A","0","false","-1","N/A","0","false","0","true","0","false","270845631","264079528","270845631","4","false","true",
"C","A","20240101","2024","52","2024","203","CZE","Czechia","M","Import","192","CUB","Cuba","0","W00","World","H6","HS","true","TOTAL","All Commodities","0","false","C00","TOTAL CPC","0","0","TOTAL MOT","-1","N/A","0","false","-1","N/A","0","false","0","true","0","false","7458398","6919881","7458398","4","false","true",
"C","A","20240101","2024","52","2024","203","CZE","Czechia","M","Import","196","CYP","Cyprus","0","W00","World","H6","HS","true","TOTAL","All Commodities","0","false","C00","TOTAL CPC","0","0","TOTAL MOT","-1","N/A","0","false","-1","N/A","0","false","0","true","0","false","48213676","45300456","48213676","4","false","true",
"C","A","20240101","2024","52","2024","203","CZE","Czechia","M","Import","204","BEN","Benin","0","W00","World","H6","HS","true","TOTAL","All Commodities","0","false","C00","TOTAL CPC","0","0","TOTAL MOT","-1","N/A","0","false","-1","N/A","0","false","0","true","0","false","1201632","1107690","1201632","4","false","true",
"C","A","20240101","2024","52","2024","203","CZE","Czechia","M","Import","208","DNK","Denmark","0","W00","World","H6","HS","true","TOTAL","All Commodities","0","false","C00","TOTAL CPC","0","0","TOTAL MOT","-1","N/A","0","false","-1","N/A","0","false","0","true","0","false","1460530368","1380915886","1460530368","4","false","true",
"C","A","20240101","2024","52","2024","203","CZE","Czechia","M","Import","212","DMA","Dominica","0","W00","World","H6","HS","true","TOTAL","All Commodities","0","false","C00","TOTAL CPC","0","0","TOTAL MOT","-1","N/A","0","false","-1","N/A","0","false","0","true","0","false","134203","124308","134203","4","false","true",
"C","A","20240101","2024","52","2024","203","CZE","Czechia","M","Import","214","DOM","Dominican Rep.","0","W00","World","H6","HS","true","TOTAL","All Commodities","0","false","C00","TOTAL CPC","0","0","TOTAL MOT","-1","N/A","0","false","-1","N/A","0","false","0","true","0","false","26153473","24197691","26153473","4","false","true",
"C","A","20240101","2024","52","2024","203","CZE","Czechia","M","Import","218","ECU","Ecuador","0","W00","World","H6","HS","true","TOTAL","All Commodities","0","false","C00","TOTAL CPC","0","0","TOTAL MOT","-1","N/A","0","false","-1","N/A","0","false","0","true","0","false","83427481","78284125","83427481","4","false","true",
"C","A","20240101","2024","52","2024","203","CZE","Czechia","M","Import","222","SLV","El Salvador","0","W00","World","H6","HS","true","TOTAL","All Commodities","0","false","C00","TOTAL CPC","0","0","TOTAL MOT","-1","N/A","0","false","-1","N/A","0","false","0","true","0","false","4986209","4696041","4986209","4","false","true",
"C","A","20240101","2024","52","2024","203","CZE","Czechia","M","Import","226","GNQ","Equatorial Guinea","0","W00","World","H6","HS","true","TOTAL","All Commodities","0","false","C00","TOTAL CPC","0","0","TOTAL MOT","-1","N/A","0","false","-1","N/A","0","false","0","true","0","false","2340","2192","2340","4","false","true",
"C","A","20240101","2024","52","2024","203","CZE","Czechia","M","Import","231","ETH","Ethiopia","0","W00","World","H6","HS","true","TOTAL","All Commodities","0","false","C00","TOTAL CPC","0","0","TOTAL MOT","-1","N/A","0","false","-1","N/A","0","false","0","true","0","false","7767574","7262843","7767574","4","false","true",
"C","A","20240101","2024","52","2024","203","CZE","Czechia","M","Import","232","ERI","Eritrea","0","W00","World","H6","HS","true","TOTAL","All Commodities","0","false","C00","TOTAL CPC","0","0","TOTAL MOT","-1","N/A","0","false","-1","N/A","0","false","0","true","0","false","98236","91260","98236","4","false","true",
"C","A","20240101","2024","52","2024","203","CZE","Czechia","M","Import","233","EST","Estonia","0","W00","World","H6","HS","true","TOTAL","All Commodities","0","false","C00","TOTAL CPC","0","0","TOTAL MOT","-1","N/A","0","false","-1","N/A","0","false","0","true","0","false","180426507","169471504","180426507","4","false","true",
"C","A","20240101","2024","52","2024","203","CZE","Czechia","M","Import","234","FRO","Faroe Isds","0","W00","World","H6","HS","true","TOTAL","All Commodities","0","false","C00","TOTAL CPC","0","0","TOTAL MOT","-1","N/A","0","false","-1","N/A","0","false","0","true","0","false","1764487","1656981","1764487","4","false","true",
"C","A","20240101","2024","52","2024","203","CZE","Czechia","M","Import","238","FLK","Falkland Isds (Malvinas)","0","W00","World","H6","HS","true","TOTAL","All Commodities","0","false","C00","TOTAL CPC","0","0","TOTAL MOT","-1","N/A","0","false","-1","N/A","0","false","0","false","0","false","3661248","3661248","3661248","0","false","true",
"C","A","20240101","2024","52","2024","203","CZE","Czechia","M","Import","239","SGS","South Georgia and the South Sandwich Islands","0","W00","World","H6","HS","true","TOTAL","All Commodities","0","false","C00","TOTAL CPC","0","0","TOTAL MOT","-1","N/A","0","false","-1","N/A","0","false","0","true","0","false","23","21","23","4","false","true",
"C","A","20240101","2024","52","2024","203","CZE","Czechia","M","Import","242","FJI","Fiji","0","W00","World","H6","HS","true","TOTAL","All Commodities","0","false","C00","TOTAL CPC","0","0","TOTAL MOT","-1","N/A","0","false","-1","N/A","0","false","0","true","0","false","447225","410598","447225","4","false","true",
"C","A","20240101","2024","52","2024","203","CZE","Czechia","M","Import","246","FIN","Finland","0","W00","World","H6","HS","true","TOTAL","All Commodities","0","false","C00","TOTAL CPC","0","0","TOTAL MOT","-1","N/A","0","false","-1","N/A","0","false","0","true","0","false","666966757","626674788","666966757","4","false","true",
"C","A","20240101","2024","52","2024","203","CZE","Czechia","M","Import","251","FRA","France","0","W00","World","H6","HS","true","TOTAL","All Commodities","0","false","C00","TOTAL CPC","0","0","TOTAL MOT","-1","N/A","0","false","-1","N/A","0","false","0","true","0","false","6782584577","6408323448","6782584577","4","false","true",
"C","A","20240101","2024","52","2024","203","CZE","Czechia","M","Import","258","PYF","French Polynesia","0","W00","World","H6","HS","true","TOTAL","All Commodities","0","false","C00","TOTAL CPC","0","0","TOTAL MOT","-1","N/A","0","false","-1","N/A","0","false","0","true","0","false","71900","67188","71900","4","false","true",
"C","A","20240101","2024","52","2024","203","CZE","Czechia","M","Import","260","ATF","Fr. South Antarctic Terr.","0","W00","World","H6","HS","true","TOTAL","All Commodities","0","false","C00","TOTAL CPC","0","0","TOTAL MOT","-1","N/A","0","false","-1","N/A","0","false","0","true","0","false","13489","12401","13489","4","false","true",
"C","A","20240101","2024","52","2024","203","CZE","Czechia","M","Import","262","DJI","Djibouti","0","W00","World","H6","HS","true","TOTAL","All Commodities","0","false","C00","TOTAL CPC","0","0","TOTAL MOT","-1","N/A","0","false","-1","N/A","0","false","0","false","0","false","19262","17924","19262","0","false","true",
"C","A","20240101","2024","52","2024","203","CZE","Czechia","M","Import","266","GAB","Gabon","0","W00","World","H6","HS","true","TOTAL","All Commodities","0","false","C00","TOTAL CPC","0","0","TOTAL MOT","-1","N/A","0","false","-1","N/A","0","false","0","true","0","false","195875","181962","195875","4","false","true",
"C","A","20240101","2024","52","2024","203","CZE","Czechia","M","Import","268","GEO","Georgia","0","W00","World","H6","HS","true","TOTAL","All Commodities","0","false","C00","TOTAL CPC","0","0","TOTAL MOT","-1","N/A","0","false","-1","N/A","0","false","0","true","0","false","41149624","39012296","41149624","4","false","true",
"C","A","20240101","2024","52","2024","203","CZE","Czechia","M","Import","270","GMB","Gambia","0","W00","World","H6","HS","true","TOTAL","All Commodities","0","false","C00","TOTAL CPC","0","0","TOTAL MOT","-1","N/A","0","false","-1","N/A","0","false","0","false","0","false","8372","7707","8372","0","false","true",
"C","A","20240101","2024","52","2024","203","CZE","Czechia","M","Import","275","PSE","State of Palestine","0","W00","World","H6","HS","true","TOTAL","All Commodities","0","false","C00","TOTAL CPC","0","0","TOTAL MOT","-1","N/A","0","false","-1","N/A","0","false","0","true","0","false","94466","88864","94466","4","false","true",
"C","A","20240101","2024","52","2024","203","CZE","Czechia","M","Import","276","DEU","Germany","0","W00","World","H6","HS","true","TOTAL","All Commodities","0","false","C00","TOTAL CPC","0","0","TOTAL MOT","-1","N/A","0","false","-1","N/A","0","false",,"false","0","false","46630774527","46630774527","46630774527","0","false","true",
"C","A","20240101","2024","52","2024","203","CZE","Czechia","M","Import","288","GHA","Ghana","0","W00","World","H6","HS","true","TOTAL","All Commodities","0","false","C00","TOTAL CPC","0","0","TOTAL MOT","-1","N/A","0","false","-1","N/A","0","false","0","true","0","false","4585395","4237815","4585395","4","false","true",
"C","A","20240101","2024","52","2024","203","CZE","Czechia","M","Import","292","GIB","Gibraltar","0","W00","World","H6","HS","true","TOTAL","All Commodities","0","false","C00","TOTAL CPC","0","0","TOTAL MOT","-1","N/A","0","false","-1","N/A","0","false","0","true","0","false","682","637","682","4","false","true",
"C","A","20240101","2024","52","2024","203","CZE","Czechia","M","Import","296","KIR","Kiribati","0","W00","World","H6","HS","true","TOTAL","All Commodities","0","false","C00","TOTAL CPC","0","0","TOTAL MOT","-1","N/A","0","false","-1","N/A","0","false","0","true","0","false","2225","2045","2225","4","false","true",
"C","A","20240101","2024","52","2024","203","CZE","Czechia","M","Import","300","GRC","Greece","0","W00","World","H6","HS","true","TOTAL","All Commodities","0","false","C00","TOTAL CPC","0","0","TOTAL MOT","-1","N/A","0","false","-1","N/A","0","false","0","true","0","false","539121466","506445138","539121466","4","false","true",
"C","A","20240101","2024","52","2024","203","CZE","Czechia","M","Import","304","GRL","Greenland","0","W00","World","H6","HS","true","TOTAL","All Commodities","0","false","C00","TOTAL CPC","0","0","TOTAL MOT","-1","N/A","0","false","-1","N/A","0","false","0","true","0","false","237066","220280","237066","4","false","true",
"C","A","20240101","2024","52","2024","203","CZE","Czechia","M","Import","308","GRD","Grenada","0","W00","World","H6","HS","true","TOTAL","All Commodities","0","false","C00","TOTAL CPC","0","0","TOTAL MOT","-1","N/A","0","false","-1","N/A","0","false","0","true","0","false","23277","21544","23277","4","false","true",
"C","A","20240101","2024","52","2024","203","CZE","Czechia","M","Import","316","GUM","Guam","0","W00","World","H6","HS","true","TOTAL","All Commodities","0","false","C00","TOTAL CPC","0","0","TOTAL MOT","-1","N/A","0","false","-1","N/A","0","false","0","true","0","false","52717","48447","52717","4","false","true",
"C","A","20240101","2024","52","2024","203","CZE","Czechia","M","Import","320","GTM","Guatemala","0","W00","World","H6","HS","true","TOTAL","All Commodities","0","false","C00","TOTAL CPC","0","0","TOTAL MOT","-1","N/A","0","false","-1","N/A","0","false","0","true","0","false","17922804","16749645","17922804","4","false","true",
"C","A","20240101","2024","52","2024","203","CZE","Czechia","M","Import","324","GIN","Guinea","0","W00","World","H6","HS","true","TOTAL","All Commodities","0","false","C00","TOTAL CPC","0","0","TOTAL MOT","-1","N/A","0","false","-1","N/A","0","false","0","true","0","false","2010105","1850814","2010105","4","false","true",
"C","A","20240101","2024","52","2024","203","CZE","Czechia","M","Import","328","GUY","Guyana","0","W00","World","H6","HS","true","TOTAL","All Commodities","0","false","C00","TOTAL CPC","0","0","TOTAL MOT","-1","N/A","0","false","-1","N/A","0","false","0","true","0","false","37024563","34985476","37024563","4","false","true",
"C","A","20240101","2024","52","2024","203","CZE","Czechia","M","Import","332","HTI","Haiti","0","W00","World","H6","HS","true","TOTAL","All Commodities","0","false","C00","TOTAL CPC","0","0","TOTAL MOT","-1","N/A","0","false","-1","N/A","0","false","0","true","0","false","574593","532439","574593","4","false","true",
"C","A","20240101","2024","52","2024","203","CZE","Czechia","M","Import","334","HMD","Heard Island and McDonald Islands","0","W00","World","H6","HS","true","TOTAL","All Commodities","0","false","C00","TOTAL CPC","0","0","TOTAL MOT","-1","N/A","0","false","-1","N/A","0","false","0","true","0","false","102","94","102","4","false","true",
"C","A","20240101","2024","52","2024","203","CZE","Czechia","M","Import","336","VAT","Holy See (Vatican City State)","0","W00","World","H6","HS","true","TOTAL","All Commodities","0","false","C00","TOTAL CPC","0","0","TOTAL MOT","-1","N/A","0","false","-1","N/A","0","false","0","true","0","false","2566","2422","2566","4","false","true",
"C","A","20240101","2024","52","2024","203","CZE","Czechia","M","Import","340","HND","Honduras","0","W00","World","H6","HS","true","TOTAL","All Commodities","0","false","C00","TOTAL CPC","0","0","TOTAL MOT","-1","N/A","0","false","-1","N/A","0","false","0","true","0","false","5627140","5290086","5627140","4","false","true",
"C","A","20240101","2024","52","2024","203","CZE","Czechia","M","Import","344","HKG","China, Hong Kong SAR","0","W00","World","H6","HS","true","TOTAL","All Commodities","0","false","C00","TOTAL CPC","0","0","TOTAL MOT","-1","N/A","0","false","-1","N/A","0","false","0","true","0","false","107225886","100721151","107225886","4","false","true",
"C","A","20240101","2024","52","2024","203","CZE","Czechia","M","Import","348","HUN","Hungary","0","W00","World","H6","HS","true","TOTAL","All Commodities","0","false","C00","TOTAL CPC","0","0","TOTAL MOT","-1","N/A","0","false","-1","N/A","0","false","0","true","0","false","5140552087","5003717182","5140552087","4","false","true",
"C","A","20240101","2024","52","2024","203","CZE","Czechia","M","Import","352","ISL","Iceland","0","W00","World","H6","HS","true","TOTAL","All Commodities","0","false","C00","TOTAL CPC","0","0","TOTAL MOT","-1","N/A","0","false","-1","N/A","0","false","0","true","0","false","95695291","88983917","95695291","4","false","true",
"C","A","20240101","2024","52","2024","203","CZE","Czechia","M","Import","360","IDN","Indonesia","0","W00","World","H6","HS","true","TOTAL","All Commodities","0","false","C00","TOTAL CPC","0","0","TOTAL MOT","-1","N/A","0","false","-1","N/A","0","false","0","true","0","false","475133395","443666555","475133395","4","false","true",
"C","A","20240101","2024","52","2024","203","CZE","Czechia","M","Import","364","IRN","Iran","0","W00","World","H6","HS","true","TOTAL","All Commodities","0","false","C00","TOTAL CPC","0","0","TOTAL MOT","-1","N/A","0","false","-1","N/A","0","false","0","true","0","false","12964920","12175090","12964920","4","false","true",
"C","A","20240101","2024","52","2024","203","CZE","Czechia","M","Import","368","IRQ","Iraq","0","W00","World","H6","HS","true","TOTAL","All Commodities","0","false","C00","TOTAL CPC","0","0","TOTAL MOT","-1","N/A","0","false","-1","N/A","0","false","0","true","0","false","70423","65686","70423","4","false","true",
"C","A","20240101","2024","52","2024","203","CZE","Czechia","M","Import","372","IRL","Ireland","0","W00","World","H6","HS","true","TOTAL","All Commodities","0","false","C00","TOTAL CPC","0","0","TOTAL MOT","-1","N/A","0","false","-1","N/A","0","false","0","true","0","false","1054193062","991357962","1054193062","4","false","true",
"C","A","20240101","2024","52","2024","203","CZE","Czechia","M","Import","376","ISR","Israel","0","W00","World","H6","HS","true","TOTAL","All Commodities","0","false","C00","TOTAL CPC","0","0","TOTAL MOT","-1","N/A","0","false","-1","N/A","0","false","0","true","0","false","307625116","291367714","307625116","4","false","true",
"C","A","20240101","2024","52","2024","203","CZE","Czechia","M","Import","380","ITA","Italy","0","W00","World","H6","HS","true","TOTAL","All Commodities","0","false","C00","TOTAL CPC","0","0","TOTAL MOT","-1","N/A","0","false","-1","N/A","0","false","0","true","0","false","8833264759","8351126729","8833264759","4","false","true",
"C","A","20240101","2024","52","2024","203","CZE","Czechia","M","Import","384","CIV","Côte d'Ivoire","0","W00","World","H6","HS","true","TOTAL","All Commodities","0","false","C00","TOTAL CPC","0","0","TOTAL MOT","-1","N/A","0","false","-1","N/A","0","false","0","true","0","false","95159912","88172183","95159912","4","false","true",
"C","A","20240101","2024","52","2024","203","CZE","Czechia","M","Import","388","JAM","Jamaica","0","W00","World","H6","HS","true","TOTAL","All Commodities","0","false","C00","TOTAL CPC","0","0","TOTAL MOT","-1","N/A","0","false","-1","N/A","0","false","0","true","0","false","560554","518951","560554","4","false","true",
"C","A","20240101","2024","52","2024","203","CZE","Czechia","M","Import","392","JPN","Japan","0","W00","World","H6","HS","true","TOTAL","All Commodities","0","false","C00","TOTAL CPC","0","0","TOTAL MOT","-1","N/A","0","false","-1","N/A","0","false","0","true","0","false","4213976444","4000704209","4213976444","4","false","true",
"C","A","20240101","2024","52","2024","203","CZE","Czechia","M","Import","398","KAZ","Kazakhstan","0","W00","World","H6","HS","true","TOTAL","All Commodities","0","false","C00","TOTAL CPC","0","0","TOTAL MOT","-1","N/A","0","false","-1","N/A","0","false","0","true","0","false","780444860","775069379","780444860","4","false","true",
"C","A","20240101","2024","52","2024","203","CZE","Czechia","M","Import","400","JOR","Jordan","0","W00","World","H6","HS","true","TOTAL","All Commodities","0","false","C00","TOTAL CPC","0","0","TOTAL MOT","-1","N/A","0","false","-1","N/A","0","false","0","true","0","false","15349876","14606938","15349876","4","false","true",
"C","A","20240101","2024","52","2024","203","CZE","Czechia","M","Import","404","KEN","Kenya","0","W00","World","H6","HS","true","TOTAL","All Commodities","0","false","C00","TOTAL CPC","0","0","TOTAL MOT","-1","N/A","0","false","-1","N/A","0","false","0","true","0","false","14005242","13250611","14005242","4","false","true",
"C","A","20240101","2024","52","2024","203","CZE","Czechia","M","Import","408","PRK","Dem. People's Rep. of Korea","0","W00","World","H6","HS","true","TOTAL","All Commodities","0","false","C00","TOTAL CPC","0","0","TOTAL MOT","-1","N/A","0","false","-1","N/A","0","false","0","true","0","false","29439","27439","29439","4","false","true",
"C","A","20240101","2024","52","2024","203","CZE","Czechia","M","Import","410","KOR","Rep. of Korea","0","W00","World","H6","HS","true","TOTAL","All Commodities","0","false","C00","TOTAL CPC","0","0","TOTAL MOT","-1","N/A","0","false","-1","N/A","0","false",,"false","0","false","4555375831","4334174219","4555375831","0","false","true",
"C","A","20240101","2024","52","2024","203","CZE","Czechia","M","Import","414","KWT","Kuwait","0","W00","World","H6","HS","true","TOTAL","All Commodities","0","false","C00","TOTAL CPC","0","0","TOTAL MOT","-1","N/A","0","false","-1","N/A","0","false","0","true","0","false","1684274","1571178","1684274","4","false","true",
"C","A","20240101","2024","52","2024","203","CZE","Czechia","M","Import","417","KGZ","Kyrgyzstan","0","W00","World","H6","HS","true","TOTAL","All Commodities","0","false","C00","TOTAL CPC","0","0","TOTAL MOT","-1","N/A","0","false","-1","N/A","0","false","0","true","0","false","2707174","2509010","2707174","4","false","true",
"C","A","20240101","2024","52","2024","203","CZE","Czechia","M","Import","418","LAO","Lao People's Dem. Rep.","0","W00","World","H6","HS","true","TOTAL","All Commodities","0","false","C00","TOTAL CPC","0","0","TOTAL MOT","-1","N/A","0","false","-1","N/A","0","false","0","true","0","false","41053753","38921486","41053753","4","false","true",
"C","A","20240101","2024","52","2024","203","CZE","Czechia","M","Import","422","LBN","Lebanon","0","W00","World","H6","HS","true","TOTAL","All Commodities","0","false","C00","TOTAL CPC","0","0","TOTAL MOT","-1","N/A","0","false","-1","N/A","0","false","0","true","0","false","2815413","2632157","2815413","4","false","true",
"C","A","20240101","2024","52","2024","203","CZE","Czechia","M","Import","426","LSO","Lesotho","0","W00","World","H6","HS","true","TOTAL","All Commodities","0","false","C00","TOTAL CPC","0","0","TOTAL MOT","-1","N/A","0","false","-1","N/A","0","false","0","true","0","false","1926955","1854549","1926955","4","false","true",
"C","A","20240101","2024","52","2024","203","CZE","Czechia","M","Import","428","LVA","Latvia","0","W00","World","H6","HS","true","TOTAL","All Commodities","0","false","C00","TOTAL CPC","0","0","TOTAL MOT","-1","N/A","0","false","-1","N/A","0","false","0","true","0","false","141107277","132783090","141107277","4","false","true",
"C","A","20240101","2024","52","2024","203","CZE","Czechia","M","Import","430","LBR","Liberia","0","W00","World","H6","HS","true","TOTAL","All Commodities","0","false","C00","TOTAL CPC","0","0","TOTAL MOT","-1","N/A","0","false","-1","N/A","0","false","0","true","0","false","7190412","7189070","7190412","4","false","true",
"C","A","20240101","2024","52","2024","203","CZE","Czechia","M","Import","434","LBY","Libya","0","W00","World","H6","HS","true","TOTAL","All Commodities","0","false","C00","TOTAL CPC","0","0","TOTAL MOT","-1","N/A","0","false","-1","N/A","0","false","0","false","0","false","514270","478904","514270","0","false","true",
"C","A","20240101","2024","52","2024","203","CZE","Czechia","M","Import","440","LTU","Lithuania","0","W00","World","H6","HS","true","TOTAL","All Commodities","0","false","C00","TOTAL CPC","0","0","TOTAL MOT","-1","N/A","0","false","-1","N/A","0","false","0","true","0","false","451368625","425000306","451368625","4","false","true",
"C","A","20240101","2024","52","2024","203","CZE","Czechia","M","Import","442","LUX","Luxembourg","0","W00","World","H6","HS","true","TOTAL","All Commodities","0","false","C00","TOTAL CPC","0","0","TOTAL MOT","-1","N/A","0","false","-1","N/A","0","false",,"false","0","false","247176175","240483355","247176175","0","false","true",
"C","A","20240101","2024","52","2024","203","CZE","Czechia","M","Import","446","MAC","China, Macao SAR","0","W00","World","H6","HS","true","TOTAL","All Commodities","0","false","C00","TOTAL CPC","0","0","TOTAL MOT","-1","N/A","0","false","-1","N/A","0","false","0","true","0","false","7426242","6871702","7426242","4","false","true",
"C","A","20240101","2024","52","2024","203","CZE","Czechia","M","Import","450","MDG","Madagascar","0","W00","World","H6","HS","true","TOTAL","All Commodities","0","false","C00","TOTAL CPC","0","0","TOTAL MOT","-1","N/A","0","false","-1","N/A","0","false","0","true","0","false","10966095","10238310","10966095","4","false","true",
"C","A","20240101","2024","52","2024","203","CZE","Czechia","M","Import","454","MWI","Malawi","0","W00","World","H6","HS","true","TOTAL","All Commodities","0","false","C00","TOTAL CPC","0","0","TOTAL MOT","-1","N/A","0","false","-1","N/A","0","false","0","true","0","false","7473210","6945366","7473210","4","false","true",
"C","A","20240101","2024","52","2024","203","CZE","Czechia","M","Import","458","MYS","Malaysia","0","W00","World","H6","HS","true","TOTAL","All Commodities","0","false","C00","TOTAL CPC","0","0","TOTAL MOT","-1","N/A","0","false","-1","N/A","0","false","0","true","0","false","2273096985","2139671839","2273096985","4","false","true",
"C","A","20240101","2024","52","2024","203","CZE","Czechia","M","Import","462","MDV","Maldives","0","W00","World","H6","HS","true","TOTAL","All Commodities","0","false","C00","TOTAL CPC","0","0","TOTAL MOT","-1","N/A","0","false","-1","N/A","0","false","0","true","0","false","178546","167616","178546","4","false","true",
"C","A","20240101","2024","52","2024","203","CZE","Czechia","M","Import","466","MLI","Mali","0","W00","World","H6","HS","true","TOTAL","All Commodities","0","false","C00","TOTAL CPC","0","0","TOTAL MOT","-1","N/A","0","false","-1","N/A","0","false","0","true","0","false","399710","368270","399710","4","false","true",
"C","A","20240101","2024","52","2024","203","CZE","Czechia","M","Import","470","MLT","Malta","0","W00","World","H6","HS","true","TOTAL","All Commodities","0","false","C00","TOTAL CPC","0","0","TOTAL MOT","-1","N/A","0","false","-1","N/A","0","false","0","true","0","false","50487128","47219669","50487128","4","false","true",
"C","A","20240101","2024","52","2024","203","CZE","Czechia","M","Import","478","MRT","Mauritania","0","W00","World","H6","HS","true","TOTAL","All Commodities","0","false","C00","TOTAL CPC","0","0","TOTAL MOT","-1","N/A","0","false","-1","N/A","0","false","0","true","0","false","25744","23704","25744","4","false","true",
"C","A","20240101","2024","52","2024","203","CZE","Czechia","M","Import","480","MUS","Mauritius","0","W00","World","H6","HS","true","TOTAL","All Commodities","0","false","C00","TOTAL CPC","0","0","TOTAL MOT","-1","N/A","0","false","-1","N/A","0","false","0","true","0","false","10121698","9593035","10121698","4","false","true",
"C","A","20240101","2024","52","2024","203","CZE","Czechia","M","Import","484","MEX","Mexico","0","W00","World","H6","HS","true","TOTAL","All Commodities","0","false","C00","TOTAL CPC","0","0","TOTAL MOT","-1","N/A","0","false","-1","N/A","0","false","0","true","0","false","1159818639","1097874380","1159818639","4","false","true",
"C","A","20240101","2024","52","2024","203","CZE","Czechia","M","Import","490","S19","Other Asia, nes","0","W00","World","H6","HS","true","TOTAL","All Commodities","0","false","C00","TOTAL CPC","0","0","TOTAL MOT","-1","N/A","0","false","-1","N/A","0","false","0","true","0","false","2477344620","2356560182","2477344620","4","false","true",
"C","A","20240101","2024","52","2024","203","CZE","Czechia","M","Import","496","MNG","Mongolia","0","W00","World","H6","HS","true","TOTAL","All Commodities","0","false","C00","TOTAL CPC","0","0","TOTAL MOT","-1","N/A","0","false","-1","N/A","0","false","0","true","0","false","1146717","1069880","1146717","4","false","true",
"C","A","20240101","2024","52","2024","203","CZE","Czechia","M","Import","498","MDA","Rep. of Moldova","0","W00","World","H6","HS","true","TOTAL","All Commodities","0","false","C00","TOTAL CPC","0","0","TOTAL MOT","-1","N/A","0","false","-1","N/A","0","false","0","true","0","false","264665909","250971292","264665909","4","false","true",
"C","A","20240101","2024","52","2024","203","CZE","Czechia","M","Import","499","MNE","Montenegro","0","W00","World","H6","HS","true","TOTAL","All Commodities","0","false","C00","TOTAL CPC","0","0","TOTAL MOT","-1","N/A","0","false","-1","N/A","0","false","0","true","0","false","1160643","1160643","1160643","4","false","true",
"C","A","20240101","2024","52","2024","203","CZE","Czechia","M","Import","500","MSR","Montserrat","0","W00","World","H6","HS","true","TOTAL","All Commodities","0","false","C00","TOTAL CPC","0","0","TOTAL MOT","-1","N/A","0","false","-1","N/A","0","false","0","true","0","false","103960","96166","103960","4","false","true",
"C","A","20240101","2024","52","2024","203","CZE","Czechia","M","Import","504","MAR","Morocco","0","W00","World","H6","HS","true","TOTAL","All Commodities","0","false","C00","TOTAL CPC","0","0","TOTAL MOT","-1","N/A","0","false","-1","N/A","0","false","0","true","0","false","537272834","507889107","537272834","4","false","true",
"C","A","20240101","2024","52","2024","203","CZE","Czechia","M","Import","508","MOZ","Mozambique","0","W00","World","H6","HS","true","TOTAL","All Commodities","0","false","C00","TOTAL CPC","0","0","TOTAL MOT","-1","N/A","0","false","-1","N/A","0","false","0","true","0","false","49213312","45727251","49213312","4","false","true",
"C","A","20240101","2024","52","2024","203","CZE","Czechia","M","Import","512","OMN","Oman","0","W00","World","H6","HS","true","TOTAL","All Commodities","0","false","C00","TOTAL CPC","0","0","TOTAL MOT","-1","N/A","0","false","-1","N/A","0","false","0","true","0","false","32259293","31390261","32259293","4","false","true",
"C","A","20240101","2024","52","2024","203","CZE","Czechia","M","Import","516","NAM","Namibia","0","W00","World","H6","HS","true","TOTAL","All Commodities","0","false","C00","TOTAL CPC","0","0","TOTAL MOT","-1","N/A","0","false","-1","N/A","0","false","0","true","0","false","5299181","5010388","5299181","4","false","true",
"C","A","20240101","2024","52","2024","203","CZE","Czechia","M","Import","520","NRU","Nauru","0","W00","World","H6","HS","true","TOTAL","All Commodities","0","false","C00","TOTAL CPC","0","0","TOTAL MOT","-1","N/A","0","false","-1","N/A","0","false","0","true","0","false","455630","418260","455630","4","false","true",
"C","A","20240101","2024","52","2024","203","CZE","Czechia","M","Import","524","NPL","Nepal","0","W00","World","H6","HS","true","TOTAL","All Commodities","0","false","C00","TOTAL CPC","0","0","TOTAL MOT","-1","N/A","0","false","-1","N/A","0","false","0","true","0","false","1796171","1719658","1796171","4","false","true",
"C","A","20240101","2024","52","2024","203","CZE","Czechia","M","Import","528","NLD","Netherlands","0","W00","World","H6","HS","true","TOTAL","All Commodities","0","false","C00","TOTAL CPC","0","0","TOTAL MOT","-1","N/A","0","false","-1","N/A","0","false","0","true","0","false","5978233881","5829187413","5978233881","4","false","true",
"C","A","20240101","2024","52","2024","203","CZE","Czechia","M","Import","531","CUW","Curaçao","0","W00","World","H6","HS","true","TOTAL","All Commodities","0","false","C00","TOTAL CPC","0","0","TOTAL MOT","-1","N/A","0","false","-1","N/A","0","false","0","false","0","false","2178","2178","2178","0","false","true",
"C","A","20240101","2024","52","2024","203","CZE","Czechia","M","Import","533","ABW","Aruba","0","W00","World","H6","HS","true","TOTAL","All Commodities","0","false","C00","TOTAL CPC","0","0","TOTAL MOT","-1","N/A","0","false","-1","N/A","0","false","0","true","0","false","6641","6227","6641","4","false","true",
"C","A","20240101","2024","52","2024","203","CZE","Czechia","M","Import","534","SXM","Sint Maarten","0","W00","World","H6","HS","true","TOTAL","All Commodities","0","false","C00","TOTAL CPC","0","0","TOTAL MOT","-1","N/A","0","false","-1","N/A","0","false","0","true","0","false","78893","78893","78893","4","false","true",
"C","A","20240101","2024","52","2024","203","CZE","Czechia","M","Import","535","BES","Bonaire","0","W00","World","H6","HS","true","TOTAL","All Commodities","0","false","C00","TOTAL CPC","0","0","TOTAL MOT","-1","N/A","0","false","-1","N/A","0","false","0","true","0","false","628","628","628","4","false","true",
"C","A","20240101","2024","52","2024","203","CZE","Czechia","M","Import","540","NCL","New Caledonia","0","W00","World","H6","HS","true","TOTAL","All Commodities","0","false","C00","TOTAL CPC","0","0","TOTAL MOT","-1","N/A","0","false","-1","N/A","0","false","0","true","0","false","81591","75085","81591","4","false","true",
"C","A","20240101","2024","52","2024","203","CZE","Czechia","M","Import","548","VUT","Vanuatu","0","W00","World","H6","HS","true","TOTAL","All Commodities","0","false","C00","TOTAL CPC","0","0","TOTAL MOT","-1","N/A","0","false","-1","N/A","0","false","0","true","0","false","189","173","189","4","false","true",
"C","A","20240101","2024","52","2024","203","CZE","Czechia","M","Import","554","NZL","New Zealand","0","W00","World","H6","HS","true","TOTAL","All Commodities","0","false","C00","TOTAL CPC","0","0","TOTAL MOT","-1","N/A","0","false","-1","N/A","0","false","0","true","0","false","52917894","50416111","52917894","4","false","true",
"C","A","20240101","2024","52","2024","203","CZE","Czechia","M","Import","558","NIC","Nicaragua","0","W00","World","H6","HS","true","TOTAL","All Commodities","0","false","C00","TOTAL CPC","0","0","TOTAL MOT","-1","N/A","0","false","-1","N/A","0","false","0","true","0","false","3777565","3545407","3777565","4","false","true",
"C","A","20240101","2024","52","2024","203","CZE","Czechia","M","Import","562","NER","Niger","0","W00","World","H6","HS","true","TOTAL","All Commodities","0","false","C00","TOTAL CPC","0","0","TOTAL MOT","-1","N/A","0","false","-1","N/A","0","false","0","true","0","false","155105","142694","155105","4","false","true",
"C","A","20240101","2024","52","2024","203","CZE","Czechia","M","Import","566","NGA","Nigeria","0","W00","World","H6","HS","true","TOTAL","All Commodities","0","false","C00","TOTAL CPC","0","0","TOTAL MOT","-1","N/A","0","false","-1","N/A","0","false","0","true","0","false","4004393","3672730","4004393","4","false","true",
"C","A","20240101","2024","52","2024","203","CZE","Czechia","M","Import","568","E19","Other Europe, nes","0","W00","World","H6","HS","true","TOTAL","All Commodities","0","false","C00","TOTAL CPC","0","0","TOTAL MOT","-1","N/A","0","false","-1","N/A","0","false","0","true","0","false","1087799588","1027348065","1087799588","4","false","true",
"C","A","20240101","2024","52","2024","203","CZE","Czechia","M","Import","570","NIU","Niue","0","W00","World","H6","HS","true","TOTAL","All Commodities","0","false","C00","TOTAL CPC","0","0","TOTAL MOT","-1","N/A","0","false","-1","N/A","0","false","0","true","0","false","187762","172573","187762","4","false","true",
"C","A","20240101","2024","52","2024","203","CZE","Czechia","M","Import","574","NFK","Norfolk Isds","0","W00","World","H6","HS","true","TOTAL","All Commodities","0","false","C00","TOTAL CPC","0","0","TOTAL MOT","-1","N/A","0","false","-1","N/A","0","false","0","false","0","false","25608","23560","25608","0","false","true",
"C","A","20240101","2024","52","2024","203","CZE","Czechia","M","Import","577","F19","Other Africa, nes","0","W00","World","H6","HS","true","TOTAL","All Commodities","0","false","C00","TOTAL CPC","0","0","TOTAL MOT","-1","N/A","0","false","-1","N/A","0","false","0","true","0","false","5113","4837","5113","4","false","true",
"C","A","20240101","2024","52","2024","203","CZE","Czechia","M","Import","579","NOR","Norway","0","W00","World","H6","HS","true","TOTAL","All Commodities","0","false","C00","TOTAL CPC","0","0","TOTAL MOT","-1","N/A","0","false","-1","N/A","0","false","0","true","0","false","2407604100","2313860111","2407604100","4","false","true",
"C","A","20240101","2024","52","2024","203","CZE","Czechia","M","Import","580","MNP","N. Mariana Isds","0","W00","World","H6","HS","true","TOTAL","All Commodities","0","false","C00","TOTAL CPC","0","0","TOTAL MOT","-1","N/A","0","false","-1","N/A","0","false","0","true","0","false","443","407","443","4","false","true",
"C","A","20240101","2024","52","2024","203","CZE","Czechia","M","Import","581","UMI","United States Minor Outlying Islands","0","W00","World","H6","HS","true","TOTAL","All Commodities","0","false","C00","TOTAL CPC","0","0","TOTAL MOT","-1","N/A","0","false","-1","N/A","0","false","0","true","0","false","249553","230148","249553","4","false","true",
"C","A","20240101","2024","52","2024","203","CZE","Czechia","M","Import","583","FSM","FS Micronesia","0","W00","World","H6","HS","true","TOTAL","All Commodities","0","false","C00","TOTAL CPC","0","0","TOTAL MOT","-1","N/A","0","false","-1","N/A","0","false","0","true","0","false","920","868","920","4","false","true",
"C","A","20240101","2024","52","2024","203","CZE","Czechia","M","Import","584","MHL","Marshall Isds","0","W00","World","H6","HS","true","TOTAL","All Commodities","0","false","C00","TOTAL CPC","0","0","TOTAL MOT","-1","N/A","0","false","-1","N/A","0","false","0","true","0","false","21004","19290","21004","4","false","true",
"C","A","20240101","2024","52","2024","203","CZE","Czechia","M","Import","585","PLW","Palau","0","W00","World","H6","HS","true","TOTAL","All Commodities","0","false","C00","TOTAL CPC","0","0","TOTAL MOT","-1","N/A","0","false","-1","N/A","0","false","0","false","0","false","10284","9449","10284","0","false","true",
"C","A","20240101","2024","52","2024","203","CZE","Czechia","M","Import","586","PAK","Pakistan","0","W00","World","H6","HS","true","TOTAL","All Commodities","0","false","C00","TOTAL CPC","0","0","TOTAL MOT","-1","N/A","0","false","-1","N/A","0","false","0","true","0","false","337021925","317358419","337021925","4","false","true",
"C","A","20240101","2024","52","2024","203","CZE","Czechia","M","Import","591","PAN","Panama","0","W00","World","H6","HS","true","TOTAL","All Commodities","0","false","C00","TOTAL CPC","0","0","TOTAL MOT","-1","N/A","0","false","-1","N/A","0","false","0","true","0","false","52866336","50746326","52866336","4","false","true",
"C","A","20240101","2024","52","2024","203","CZE","Czechia","M","Import","598","PNG","Papua New Guinea","0","W00","World","H6","HS","true","TOTAL","All Commodities","0","false","C00","TOTAL CPC","0","0","TOTAL MOT","-1","N/A","0","false","-1","N/A","0","false","0","true","0","false","424332","390055","424332","4","false","true",
"C","A","20240101","2024","52","2024","203","CZE","Czechia","M","Import","600","PRY","Paraguay","0","W00","World","H6","HS","true","TOTAL","All Commodities","0","false","C00","TOTAL CPC","0","0","TOTAL MOT","-1","N/A","0","false","-1","N/A","0","false","0","true","0","false","1793299","1683497","1793299","4","false","true",
"C","A","20240101","2024","52","2024","203","CZE","Czechia","M","Import","604","PER","Peru","0","W00","World","H6","HS","true","TOTAL","All Commodities","0","false","C00","TOTAL CPC","0","0","TOTAL MOT","-1","N/A","0","false","-1","N/A","0","false","0","true","0","false","41121977","38906004","41121977","4","false","true",
"C","A","20240101","2024","52","2024","203","CZE","Czechia","M","Import","608","PHL","Philippines","0","W00","World","H6","HS","true","TOTAL","All Commodities","0","false","C00","TOTAL CPC","0","0","TOTAL MOT","-1","N/A","0","false","-1","N/A","0","false","0","true","0","false","539216690","507657806","539216690","4","false","true",
"C","A","20240101","2024","52","2024","203","CZE","Czechia","M","Import","612","PCN","Pitcairn","0","W00","World","H6","HS","true","TOTAL","All Commodities","0","false","C00","TOTAL CPC","0","0","TOTAL MOT","-1","N/A","0","false","-1","N/A","0","false","0","true","0","false","14114","12971","14114","4","false","true",
"C","A","20240101","2024","52","2024","203","CZE","Czechia","M","Import","616","POL","Poland","0","W00","World","H6","HS","true","TOTAL","All Commodities","0","false","C00","TOTAL CPC","0","0","TOTAL MOT","-1","N/A","0","false","-1","N/A","0","false",,"false","0","false","18960611419","18960611419","18960611419","0","false","true",
"C","A","20240101","2024","52","2024","203","CZE","Czechia","M","Import","620","PRT","Portugal","0","W00","World","H6","HS","true","TOTAL","All Commodities","0","false","C00","TOTAL CPC","0","0","TOTAL MOT","-1","N/A","0","false","-1","N/A","0","false","0","true","0","false","845255805","790029056","845255805","4","false","true",
"C","A","20240101","2024","52","2024","203","CZE","Czechia","M","Import","624","GNB","Guinea-Bissau","0","W00","World","H6","HS","true","TOTAL","All Commodities","0","false","C00","TOTAL CPC","0","0","TOTAL MOT","-1","N/A","0","false","-1","N/A","0","false","0","true","0","false","191520","176169","191520","4","false","true",
"C","A","20240101","2024","52","2024","203","CZE","Czechia","M","Import","626","TLS","Timor-Leste","0","W00","World","H6","HS","true","TOTAL","All Commodities","0","false","C00","TOTAL CPC","0","0","TOTAL MOT","-1","N/A","0","false","-1","N/A","0","false","0","true","0","false","9004","8541","9004","4","false","true",
"C","A","20240101","2024","52","2024","203","CZE","Czechia","M","Import","634","QAT","Qatar","0","W00","World","H6","HS","true","TOTAL","All Commodities","0","false","C00","TOTAL CPC","0","0","TOTAL MOT","-1","N/A","0","false","-1","N/A","0","false","0","true","0","false","10144712","9345060","10144712","4","false","true",
"C","A","20240101","2024","52","2024","203","CZE","Czechia","M","Import","642","ROU","Romania","0","W00","World","H6","HS","true","TOTAL","All Commodities","0","false","C00","TOTAL CPC","0","0","TOTAL MOT","-1","N/A","0","false","-1","N/A","0","false","0","true","0","false","3297847253","3214197836","3297847253","4","false","true",
"C","A","20240101","2024","52","2024","203","CZE","Czechia","M","Import","643","RUS","Russian Federation","0","W00","World","H6","HS","true","TOTAL","All Commodities","0","false","C00","TOTAL CPC","0","0","TOTAL MOT","-1","N/A","0","false","-1","N/A","0","false","0","true","0","false","3391918283","3335491891","3391918283","4","false","true",
"C","A","20240101","2024","52","2024","203","CZE","Czechia","M","Import","646","RWA","Rwanda","0","W00","World","H6","HS","true","TOTAL","All Commodities","0","false","C00","TOTAL CPC","0","0","TOTAL MOT","-1","N/A","0","false","-1","N/A","0","false","0","true","0","false","772908","718016","772908","4","false","true",
"C","A","20240101","2024","52","2024","203","CZE","Czechia","M","Import","652","BLM","Saint Barthélemy","0","W00","World","H6","HS","true","TOTAL","All Commodities","0","false","C00","TOTAL CPC","0","0","TOTAL MOT","-1","N/A","0","false","-1","N/A","0","false","0","true","0","false","57788","57788","57788","4","false","true",
"C","A","20240101","2024","52","2024","203","CZE","Czechia","M","Import","654","SHN","Saint Helena","0","W00","World","H6","HS","true","TOTAL","All Commodities","0","false","C00","TOTAL CPC","0","0","TOTAL MOT","-1","N/A","0","false","-1","N/A","0","false","0","true","0","false","70489","65607","70489","4","false","true",
"C","A","20240101","2024","52","2024","203","CZE","Czechia","M","Import","659","KNA","Saint Kitts and Nevis","0","W00","World","H6","HS","true","TOTAL","All Commodities","0","false","C00","TOTAL CPC","0","0","TOTAL MOT","-1","N/A","0","false","-1","N/A","0","false","0","false","0","false","430859","410994","430859","0","false","true",
"C","A","20240101","2024","52","2024","203","CZE","Czechia","M","Import","660","AIA","Anguilla","0","W00","World","H6","HS","true","TOTAL","All Commodities","0","false","C00","TOTAL CPC","0","0","TOTAL MOT","-1","N/A","0","false","-1","N/A","0","false","0","true","0","false","104312","104312","104312","4","false","true",
"C","A","20240101","2024","52","2024","203","CZE","Czechia","M","Import","662","LCA","Saint Lucia","0","W00","World","H6","HS","true","TOTAL","All Commodities","0","false","C00","TOTAL CPC","0","0","TOTAL MOT","-1","N/A","0","false","-1","N/A","0","false","0","true","0","false","56100","51903","56100","4","false","true",
"C","A","20240101","2024","52","2024","203","CZE","Czechia","M","Import","666","SPM","Saint Pierre and Miquelon","0","W00","World","H6","HS","true","TOTAL","All Commodities","0","false","C00","TOTAL CPC","0","0","TOTAL MOT","-1","N/A","0","false","-1","N/A","0","false","0","true","0","false","449","420","449","4","false","true",
"C","A","20240101","2024","52","2024","203","CZE","Czechia","M","Import","670","VCT","Saint Vincent and the Grenadines","0","W00","World","H6","HS","true","TOTAL","All Commodities","0","false","C00","TOTAL CPC","0","0","TOTAL MOT","-1","N/A","0","false","-1","N/A","0","false","0","true","0","false","70409","65132","70409","4","false","true",
"C","A","20240101","2024","52","2024","203","CZE","Czechia","M","Import","674","SMR","San Marino","0","W00","World","H6","HS","true","TOTAL","All Commodities","0","false","C00","TOTAL CPC","0","0","TOTAL MOT","-1","N/A","0","false","-1","N/A","0","false","0","true","0","false","2411042","2310633","2411042","4","false","true",
"C","A","20240101","2024","52","2024","203","CZE","Czechia","M","Import","678","STP","Sao Tome and Principe","0","W00","World","H6","HS","true","TOTAL","All Commodities","0","false","C00","TOTAL CPC","0","0","TOTAL MOT","-1","N/A","0","false","-1","N/A","0","false","0","true","0","false","225611","209586","225611","4","false","true",
"C","A","20240101","2024","52","2024","203","CZE","Czechia","M","Import","682","SAU","Saudi Arabia","0","W00","World","H6","HS","true","TOTAL","All Commodities","0","false","C00","TOTAL CPC","0","0","TOTAL MOT","-1","N/A","0","false","-1","N/A","0","false","0","true","0","false","100105429","92693596","100105429","4","false","true",
"C","A","20240101","2024","52","2024","203","CZE","Czechia","M","Import","686","SEN","Senegal","0","W00","World","H6","HS","true","TOTAL","All Commodities","0","false","C00","TOTAL CPC","0","0","TOTAL MOT","-1","N/A","0","false","-1","N/A","0","false","0","true","0","false","1261421","1179702","1261421","4","false","true",
"C","A","20240101","2024","52","2024","203","CZE","Czechia","M","Import","688","SRB","Serbia","0","W00","World","H6","HS","true","TOTAL","All Commodities","0","false","C00","TOTAL CPC","0","0","TOTAL MOT","-1","N/A","0","false","-1","N/A","0","false","0","true","0","false","1255876299","1219024394","1255876299","4","false","true",
"C","A","20240101","2024","52","2024","203","CZE","Czechia","M","Import","690","SYC","Seychelles","0","W00","World","H6","HS","true","TOTAL","All Commodities","0","false","C00","TOTAL CPC","0","0","TOTAL MOT","-1","N/A","0","false","-1","N/A","0","false","0","true","0","false","85666","80115","85666","4","false","true",
"C","A","20240101","2024","52","2024","203","CZE","Czechia","M","Import","694","SLE","Sierra Leone","0","W00","World","H6","HS","true","TOTAL","All Commodities","0","false","C00","TOTAL CPC","0","0","TOTAL MOT","-1","N/A","0","false","-1","N/A","0","false","0","true","0","false","3795904","3498838","3795904","4","false","true",
"C","A","20240101","2024","52","2024","203","CZE","Czechia","M","Import","699","IND","India","0","W00","World","H6","HS","true","TOTAL","All Commodities","0","false","C00","TOTAL CPC","0","0","TOTAL MOT","-1","N/A","0","false","-1","N/A","0","false","0","true","0","false","3075088326","2988385848","3075088326","4","false","true",
"C","A","20240101","2024","52","2024","203","CZE","Czechia","M","Import","702","SGP","Singapore","0","W00","World","H6","HS","true","TOTAL","All Commodities","0","false","C00","TOTAL CPC","0","0","TOTAL MOT","-1","N/A","0","false","-1","N/A","0","false","0","true","0","false","288135177","271192917","288135177","4","false","true",
"C","A","20240101","2024","52","2024","203","CZE","Czechia","M","Import","703","SVK","Slovakia","0","W00","World","H6","HS","true","TOTAL","All Commodities","0","false","C00","TOTAL CPC","0","0","TOTAL MOT","-1","N/A","0","false","-1","N/A","0","false",,"false","0","false","10411894876","10411894876","10411894876","0","false","true",
"C","A","20240101","2024","52","2024","203","CZE","Czechia","M","Import","704","VNM","Viet Nam","0","W00","World","H6","HS","true","TOTAL","All Commodities","0","false","C00","TOTAL CPC","0","0","TOTAL MOT","-1","N/A","0","false","-1","N/A","0","false","0","true","0","false","3603050990","3402886530","3603050990","4","false","true",
"C","A","20240101","2024","52","2024","203","CZE","Czechia","M","Import","705","SVN","Slovenia","0","W00","World","H6","HS","true","TOTAL","All Commodities","0","false","C00","TOTAL CPC","0","0","TOTAL MOT","-1","N/A","0","false","-1","N/A","0","false",,"false","0","false","1071158987","1043054666","1071158987","0","false","true",
"C","A","20240101","2024","52","2024","203","CZE","Czechia","M","Import","706","SOM","Somalia","0","W00","World","H6","HS","true","TOTAL","All Commodities","0","false","C00","TOTAL CPC","0","0","TOTAL MOT","-1","N/A","0","false","-1","N/A","0","false","0","true","0","false","683562","635013","683562","4","false","true",
"C","A","20240101","2024","52","2024","203","CZE","Czechia","M","Import","710","ZAF","South Africa","0","W00","World","H6","HS","true","TOTAL","All Commodities","0","false","C00","TOTAL CPC","0","0","TOTAL MOT","-1","N/A","0","false","-1","N/A","0","false","0","true","0","false","570892832","533941152","570892832","4","false","true",
"C","A","20240101","2024","52","2024","203","CZE","Czechia","M","Import","716","ZWE","Zimbabwe","0","W00","World","H6","HS","true","TOTAL","All Commodities","0","false","C00","TOTAL CPC","0","0","TOTAL MOT","-1","N/A","0","false","-1","N/A","0","false","0","true","0","false","6317605","5935897","6317605","4","false","true",
"C","A","20240101","2024","52","2024","203","CZE","Czechia","M","Import","724","ESP","Spain","0","W00","World","H6","HS","true","TOTAL","All Commodities","0","false","C00","TOTAL CPC","0","0","TOTAL MOT","-1","N/A","0","false","-1","N/A","0","false","0","true","0","false","4415887646","4136459524","4415887646","4","false","true",
"C","A","20240101","2024","52","2024","203","CZE","Czechia","M","Import","728","SSD","South Sudan","0","W00","World","H6","HS","true","TOTAL","All Commodities","0","false","C00","TOTAL CPC","0","0","TOTAL MOT","-1","N/A","0","false","-1","N/A","0","false","0","false","0","false","1312","1312","1312","0","false","true",
"C","A","20240101","2024","52","2024","203","CZE","Czechia","M","Import","729","SDN","Sudan","0","W00","World","H6","HS","true","TOTAL","All Commodities","0","false","C00","TOTAL CPC","0","0","TOTAL MOT","-1","N/A","0","false","-1","N/A","0","false","0","true","0","false","57728","53067","57728","4","false","true",
"C","A","20240101","2024","52","2024","203","CZE","Czechia","M","Import","732","ESH","Western Sahara","0","W00","World","H6","HS","true","TOTAL","All Commodities","0","false","C00","TOTAL CPC","0","0","TOTAL MOT","-1","N/A","0","false","-1","N/A","0","false","0","true","0","false","5409","5409","5409","4","false","true",
"C","A","20240101","2024","52","2024","203","CZE","Czechia","M","Import","740","SUR","Suriname","0","W00","World","H6","HS","true","TOTAL","All Commodities","0","false","C00","TOTAL CPC","0","0","TOTAL MOT","-1","N/A","0","false","-1","N/A","0","false","0","true","0","false","1073723","994439","1073723","4","false","true",
"C","A","20240101","2024","52","2024","203","CZE","Czechia","M","Import","748","SWZ","Eswatini","0","W00","World","H6","HS","true","TOTAL","All Commodities","0","false","C00","TOTAL CPC","0","0","TOTAL MOT","-1","N/A","0","false","-1","N/A","0","false","0","true","0","false","2559872","2408401","2559872","4","false","true",
"C","A","20240101","2024","52","2024","203","CZE","Czechia","M","Import","752","SWE","Sweden","0","W00","World","H6","HS","true","TOTAL","All Commodities","0","false","C00","TOTAL CPC","0","0","TOTAL MOT","-1","N/A","0","false","-1","N/A","0","false","0","true","0","false","1826012794","1721884544","1826012794","4","false","true",
"C","A","20240101","2024","52","2024","203","CZE","Czechia","M","Import","757","CHE","Switzerland","0","W00","World","H6","HS","true","TOTAL","All Commodities","0","false","C00","TOTAL CPC","0","0","TOTAL MOT","-1","N/A","0","false","-1","N/A","0","false","0","true","0","false","2205385533","2148211579","2205385533","4","false","true",
"C","A","20240101","2024","52","2024","203","CZE","Czechia","M","Import","760","SYR","Syria","0","W00","World","H6","HS","true","TOTAL","All Commodities","0","false","C00","TOTAL CPC","0","0","TOTAL MOT","-1","N/A","0","false","-1","N/A","0","false","0","true","0","false","277456","258743","277456","4","false","true",
"C","A","20240101","2024","52","2024","203","CZE","Czechia","M","Import","762","TJK","Tajikistan","0","W00","World","H6","HS","true","TOTAL","All Commodities","0","false","C00","TOTAL CPC","0","0","TOTAL MOT","-1","N/A","0","false","-1","N/A","0","false","0","true","0","false","1637819","1506822","1637819","4","false","true",
"C","A","20240101","2024","52","2024","203","CZE","Czechia","M","Import","764","THA","Thailand","0","W00","World","H6","HS","true","TOTAL","All Commodities","0","false","C00","TOTAL CPC","0","0","TOTAL MOT","-1","N/A","0","false","-1","N/A","0","false","0","true","0","false","1773693074","1664410514","1773693074","4","false","true",
"C","A","20240101","2024","52","2024","203","CZE","Czechia","M","Import","768","TGO","Togo","0","W00","World","H6","HS","true","TOTAL","All Commodities","0","false","C00","TOTAL CPC","0","0","TOTAL MOT","-1","N/A","0","false","-1","N/A","0","false","0","true","0","false","161120","149092","161120","4","false","true",
"C","A","20240101","2024","52","2024","203","CZE","Czechia","M","Import","772","TKL","Tokelau","0","W00","World","H6","HS","true","TOTAL","All Commodities","0","false","C00","TOTAL CPC","0","0","TOTAL MOT","-1","N/A","0","false","-1","N/A","0","false","0","true","0","false","13875701","12738533","13875701","4","false","true",
"C","A","20240101","2024","52","2024","203","CZE","Czechia","M","Import","776","TON","Tonga","0","W00","World","H6","HS","true","TOTAL","All Commodities","0","false","C00","TOTAL CPC","0","0","TOTAL MOT","-1","N/A","0","false","-1","N/A","0","false","0","true","0","false","1856","1779","1856","4","false","true",
"C","A","20240101","2024","52","2024","203","CZE","Czechia","M","Import","780","TTO","Trinidad and Tobago","0","W00","World","H6","HS","true","TOTAL","All Commodities","0","false","C00","TOTAL CPC","0","0","TOTAL MOT","-1","N/A","0","false","-1","N/A","0","false","0","true","0","false","778058","719712","778058","4","false","true",
"C","A","20240101","2024","52","2024","203","CZE","Czechia","M","Import","784","ARE","United Arab Emirates","0","W00","World","H6","HS","true","TOTAL","All Commodities","0","false","C00","TOTAL CPC","0","0","TOTAL MOT","-1","N/A","0","false","-1","N/A","0","false","0","true","0","false","185926836","174560220","185926836","4","false","true",
"C","A","20240101","2024","52","2024","203","CZE","Czechia","M","Import","788","TUN","Tunisia","0","W00","World","H6","HS","true","TOTAL","All Commodities","0","false","C00","TOTAL CPC","0","0","TOTAL MOT","-1","N/A","0","false","-1","N/A","0","false","0","true","0","false","316150361","295774727","316150361","4","false","true",
"C","A","20240101","2024","52","2024","203","CZE","Czechia","M","Import","792","TUR","Türkiye","0","W00","World","H6","HS","true","TOTAL","All Commodities","0","false","C00","TOTAL CPC","0","0","TOTAL MOT","-1","N/A","0","false","-1","N/A","0","false","0","true","0","false","2976346746","2819857523","2976346746","4","false","true",
"C","A","20240101","2024","52","2024","203","CZE","Czechia","M","Import","795","TKM","Turkmenistan","0","W00","World","H6","HS","true","TOTAL","All Commodities","0","false","C00","TOTAL CPC","0","0","TOTAL MOT","-1","N/A","0","false","-1","N/A","0","false","0","true","0","false","290015","266837","290015","4","false","true",
"C","A","20240101","2024","52","2024","203","CZE","Czechia","M","Import","796","TCA","Turks and Caicos Isds","0","W00","World","H6","HS","true","TOTAL","All Commodities","0","false","C00","TOTAL CPC","0","0","TOTAL MOT","-1","N/A","0","false","-1","N/A","0","false","0","true","0","false","4979860","4606373","4979860","4","false","true",
"C","A","20240101","2024","52","2024","203","CZE","Czechia","M","Import","798","TUV","Tuvalu","0","W00","World","H6","HS","true","TOTAL","All Commodities","0","false","C00","TOTAL CPC","0","0","TOTAL MOT","-1","N/A","0","false","-1","N/A","0","false","0","false","0","false","189436","180151","189436","0","false","true",
"C","A","20240101","2024","52","2024","203","CZE","Czechia","M","Import","800","UGA","Uganda","0","W00","World","H6","HS","true","TOTAL","All Commodities","0","false","C00","TOTAL CPC","0","0","TOTAL MOT","-1","N/A","0","false","-1","N/A","0","false","0","true","0","false","2959182","2791628","2959182","4","false","true",
"C","A","20240101","2024","52","2024","203","CZE","Czechia","M","Import","804","UKR","Ukraine","0","W00","World","H6","HS","true","TOTAL","All Commodities","0","false","C00","TOTAL CPC","0","0","TOTAL MOT","-1","N/A","0","false","-1","N/A","0","false","0","true","0","false","1496503688","1442460700","1496503688","4","false","true",
"C","A","20240101","2024","52","2024","203","CZE","Czechia","M","Import","807","MKD","North Macedonia","0","W00","World","H6","HS","true","TOTAL","All Commodities","0","false","C00","TOTAL CPC","0","0","TOTAL MOT","-1","N/A","0","false","-1","N/A","0","false","0","true","0","false","479638886","452186912","479638886","4","false","true",
"C","A","20240101","2024","52","2024","203","CZE","Czechia","M","Import","818","EGY","Egypt","0","W00","World","H6","HS","true","TOTAL","All Commodities","0","false","C00","TOTAL CPC","0","0","TOTAL MOT","-1","N/A","0","false","-1","N/A","0","false","0","true","0","false","217056916","203055792","217056916","4","false","true",
"C","A","20240101","2024","52","2024","203","CZE","Czechia","M","Import","826","GBR","United Kingdom","0","W00","World","H6","HS","true","TOTAL","All Commodities","0","false","C00","TOTAL CPC","0","0","TOTAL MOT","-1","N/A","0","false","-1","N/A","0","false","0","true","0","false","3683019569","3497810695","3683019569","4","false","true",
"C","A","20240101","2024","52","2024","203","CZE","Czechia","M","Import","834","TZA","United Rep. of Tanzania","0","W00","World","H6","HS","true","TOTAL","All Commodities","0","false","C00","TOTAL CPC","0","0","TOTAL MOT","-1","N/A","0","false","-1","N/A","0","false","0","true","0","false","3529208","3281749","3529208","4","false","true",
"C","A","20240101","2024","52","2024","203","CZE","Czechia","M","Import","842","USA","USA","0","W00","World","H6","HS","true","TOTAL","All Commodities","0","false","C00","TOTAL CPC","0","0","TOTAL MOT","-1","N/A","0","false","-1","N/A","0","false","0","true","0","false","6318396768","5994110951","6318396768","4","false","true",
"C","A","20240101","2024","52","2024","203","CZE","Czechia","M","Import","854","BFA","Burkina Faso","0","W00","World","H6","HS","true","TOTAL","All Commodities","0","false","C00","TOTAL CPC","0","0","TOTAL MOT","-1","N/A","0","false","-1","N/A","0","false","0","true","0","false","871182","805414","871182","4","false","true",
"C","A","20240101","2024","52","2024","203","CZE","Czechia","M","Import","858","URY","Uruguay","0","W00","World","H6","HS","true","TOTAL","All Commodities","0","false","C00","TOTAL CPC","0","0","TOTAL MOT","-1","N/A","0","false","-1","N/A","0","false","0","true","0","false","19855548","18531489","19855548","4","false","true",
"C","A","20240101","2024","52","2024","203","CZE","Czechia","M","Import","860","UZB","Uzbekistan","0","W00","World","H6","HS","true","TOTAL","All Commodities","0","false","C00","TOTAL CPC","0","0","TOTAL MOT","-1","N/A","0","false","-1","N/A","0","false","0","true","0","false","9572441","8912778","9572441","4","false","true",
"C","A","20240101","2024","52","2024","203","CZE","Czechia","M","Import","862","VEN","Venezuela","0","W00","World","H6","HS","true","TOTAL","All Commodities","0","false","C00","TOTAL CPC","0","0","TOTAL MOT","-1","N/A","0","false","-1","N/A","0","false","0","true","0","false","15664538","14878099","15664538","4","false","true",
"C","A","20240101","2024","52","2024","203","CZE","Czechia","M","Import","876","WLF","Wallis and Futuna Isds","0","W00","World","H6","HS","true","TOTAL","All Commodities","0","false","C00","TOTAL CPC","0","0","TOTAL MOT","-1","N/A","0","false","-1","N/A","0","false","0","true","0","false","51059","46924","51059","4","false","true",
"C","A","20240101","2024","52","2024","203","CZE","Czechia","M","Import","882","WSM","Samoa","0","W00","World","H6","HS","true","TOTAL","All Commodities","0","false","C00","TOTAL CPC","0","0","TOTAL MOT","-1","N/A","0","false","-1","N/A","0","false","0","true","0","false","43772","40229","43772","4","false","true",
"C","A","20240101","2024","52","2024","203","CZE","Czechia","M","Import","887","YEM","Yemen","0","W00","World","H6","HS","true","TOTAL","All Commodities","0","false","C00","TOTAL CPC","0","0","TOTAL MOT","-1","N/A","0","false","-1","N/A","0","false","0","true","0","false","9705","9068","9705","4","false","true",
"C","A","20240101","2024","52","2024","203","CZE","Czechia","M","Import","894","ZMB","Zambia","0","W00","World","H6","HS","true","TOTAL","All Commodities","0","false","C00","TOTAL CPC","0","0","TOTAL MOT","-1","N/A","0","false","-1","N/A","0","false","0","true","0","false","304596","283687","304596","4","false","true",
"C","A","20240101","2024","52","2024","203","CZE","Czechia","M","Import","899","_X ","Areas, nes","0","W00","World","H6","HS","true","TOTAL","All Commodities","0","false","C00","TOTAL CPC","0","0","TOTAL MOT","-1","N/A","0","false","-1","N/A","0","false",,"false","0","false","779127413","737311194","779127413","0","false","true",
